{"cameraMode":{"drawMode":0,"name":"Shaded","section":"Shading Mode"},"sceneLighting":false,"audioPlay":false,"sceneViewState":{"showFog":true,"showMaterialUpdate":false,"showSkybox":false,"showFlares":true,"showImageEffects":true,"showParticleSystems":true},"in2DMode":false,"pivot":{"x":12.789999961853028,"y":0.0,"z":-23.59000015258789},"rotation":{"x":0.2753572165966034,"y":0.01586110331118107,"z":-0.004543706774711609,"w":0.9612008929252625},"size":4.669820308685303,"orthographic":false}