{"cameraMode":{"drawMode":0,"name":"Shaded","section":"Shading Mode"},"sceneLighting":true,"audioPlay":false,"sceneViewState":{"showFog":true,"showMaterialUpdate":false,"showSkybox":true,"showFlares":true,"showImageEffects":true,"showParticleSystems":true},"in2DMode":false,"pivot":{"x":8.539999961853028,"y":6.429999828338623,"z":-39.119998931884769},"rotation":{"x":0.24061115086078645,"y":0.005823686718940735,"z":-0.0014436841011047364,"w":0.9706027507781982},"size":22.0,"orthographic":false}