{"cameraMode":{"drawMode":0,"name":"Shaded","section":"Shading Mode"},"sceneLighting":true,"audioPlay":false,"sceneViewState":{"showFog":true,"showMaterialUpdate":false,"showSkybox":true,"showFlares":true,"showImageEffects":true,"showParticleSystems":true},"in2DMode":false,"pivot":{"x":8.899999618530274,"y":4.599999904632568,"z":-17.600000381469728},"rotation":{"x":0.4017178416252136,"y":-0.005495488177984953,"z":0.002407264895737171,"w":0.9157488942146301},"size":54.24483871459961,"orthographic":true}