{"cameraMode":{"drawMode":0,"name":"Shaded","section":"Shading Mode"},"sceneLighting":true,"audioPlay":false,"sceneViewState":{"showFog":true,"showMaterialUpdate":false,"showSkybox":true,"showFlares":true,"showImageEffects":true,"showParticleSystems":true},"in2DMode":false,"pivot":{"x":6.134143352508545,"y":6.3120832443237309,"z":-24.0},"rotation":{"x":0.24061115086078645,"y":0.005823686718940735,"z":-0.0014436841011047364,"w":0.9706027507781982},"size":11.269824028015137,"orthographic":false}