{"cameraMode":{"drawMode":0,"name":"Shaded","section":"Shading Mode"},"sceneLighting":true,"audioPlay":false,"sceneViewState":{"showFog":true,"showMaterialUpdate":false,"showSkybox":true,"showFlares":true,"showImageEffects":true,"showParticleSystems":true},"in2DMode":false,"pivot":{"x":0.1057429313659668,"y":1.4691872596740723,"z":-3.7497997283935549},"rotation":{"x":0.05668425187468529,"y":0.385830819606781,"z":-0.02375798486173153,"w":0.920524537563324},"size":4.54894495010376,"orthographic":false}