{"cameraMode":{"drawMode":0,"name":"Shaded","section":"Shading Mode"},"sceneLighting":true,"audioPlay":false,"sceneViewState":{"showFog":true,"showMaterialUpdate":false,"showSkybox":false,"showFlares":true,"showImageEffects":true,"showParticleSystems":true},"in2DMode":false,"pivot":{"x":-18.535266876220704,"y":32.6044921875,"z":-2.4937820434570314},"rotation":{"x":-0.0006346092559397221,"y":0.9984585642814636,"z":0.011672738008201123,"w":0.05427044630050659},"size":70.9062271118164,"orthographic":false}